"Txhash","Blockno","UnixTimestamp","DateTime","From","To","ContractAddress","Value_IN(ETH)","Value_OUT(ETH)","CurrentValue @ $0/Eth","TxnFee(ETH)","TxnFee(USD)","Historical $Price/Eth","Status","ErrCode","Method"
"0x9f295764ac003ddb1739b39be259af4e370fe9bfb22fca17ed46e228e3609c0b","30947351","1649643772","2022-04-11 02:22:52","0xe7f791a0f212dec67fa07ff52c35fdde0b3e5c9c","","0x6d6ec1443fee828a64dad87b28195b2661c846e8","0","0","0","0.009223485","0","","","","0x60806040",""
"0xa9b5741d14e698ae44a95b1a3bdc1cfeaac0221905104c7df94174926b0af84e","33093576","1659578368","2022-08-04 01:59:28","0xcafee84324bd2ba6c33dd1eddd7cccc62a7e5076","0x6d6ec1443fee828a64dad87b28195b2661c846e8","","10","0","0","0.00244760000685328","0","","","","Deposit",""
"0xadece1acd076406b564ee516503ef2f32b8822dcf043cc2aee9b2930ddc433b3","33093795","1659579288","2022-08-04 02:14:48","0x4f97a3aa19d2a274a96d67b8777f72cc526f3f4c","0x6d6ec1443fee828a64dad87b28195b2661c846e8","","10","0","0","0.002391830007653856","0","","","","Deposit",""
"0x99435837a177bec206db58d51cd21dfea32d4e3e8351e1953d54fc3bd66920b1","33094092","1659580612","2022-08-04 02:36:52","0x4f97a3aa19d2a274a96d67b8777f72cc526f3f4c","0x6d6ec1443fee828a64dad87b28195b2661c846e8","","0","0","0","0.000792887502220085","0","","","","Withdraw",""
"0xf7a9a9002af790bdc9cf11a1cf037ab140e71c40ed322014390bb34c5c00af85","33095826","1659588152","2022-08-04 04:42:32","0xcafbbaefd77570c0bc747fa62311c055cb623ece","0x6d6ec1443fee828a64dad87b28195b2661c846e8","","10","0","0","0.002391830006697124","0","","","","Deposit",""
"0x7bcd697480edcdce753237732091dcb36b0ce6cf351b493f92f18a39c2f8d2cf","33105016","1659628856","2022-08-04 16:00:56","0x000009ff30036658300e2abcedde1020d5e662cc","0x6d6ec1443fee828a64dad87b28195b2661c846e8","","10","0","0","0.002378810006660668","0","","","","Deposit",""
"0xfdb2342bd059fffa5069c1098385fb7ed051bebf03fe9c79ea57cb89bfad73bd","33105026","1659628904","2022-08-04 16:01:44","0x000009ff30036658300e2abcedde1020d5e662cc","0x6d6ec1443fee828a64dad87b28195b2661c846e8","","0","0","0","0.000792767502219749","0","","","","Withdraw",""
"0x610f74a539028cc7e1ef80983929980be8e2932939d5d370169ba189ec864305","33105032","1659628928","2022-08-04 16:02:08","0x000009ff30036658300e2abcedde1020d5e662cc","0x6d6ec1443fee828a64dad87b28195b2661c846e8","","10","0","0","0.002391830006697124","0","","","","Deposit",""
"0x1809077c88dc225f95c44402f38e9aa436227e0bf8d5b7ea11eda35f5dca3360","33105040","1659628964","2022-08-04 16:02:44","0x000009ff30036658300e2abcedde1020d5e662cc","0x6d6ec1443fee828a64dad87b28195b2661c846e8","","0","0","0","0.000792767502219749","0","","","","Withdraw",""
"0xaae3849fd85068160794620262258a50bf1c031920153d03483551e3bd8545c6","33105062","1659629060","2022-08-04 16:04:20","0x188e0ca53fcea80a234012e27a22111b59988888","0x6d6ec1443fee828a64dad87b28195b2661c846e8","","10","0","0","0.002378810006660668","0","","","","Deposit",""
"0xd084bb10af0d970b360bd4f2fe5735f28ea600b5f5da0b840fad2391496f8dfd","33105071","1659629100","2022-08-04 16:05:00","0x188e0ca53fcea80a234012e27a22111b59988888","0x6d6ec1443fee828a64dad87b28195b2661c846e8","","0","0","0","0.000792887502220085","0","","","","Withdraw",""
"0xd2f0c486401e46ec69bd686ba6c3df2bf3e118da2bc9facd13984258a76dd05e","33105084","1659629156","2022-08-04 16:05:56","0x188e0ca53fcea80a234012e27a22111b59988888","0x6d6ec1443fee828a64dad87b28195b2661c846e8","","10","0","0","0.002378810006660668","0","","","","Deposit",""
"0x3a5b9a41d9ffdcdedc504dcda034407835f3aaa7d8ae77e1d50bd536a6046c37","33105091","1659629184","2022-08-04 16:06:24","0x188e0ca53fcea80a234012e27a22111b59988888","0x6d6ec1443fee828a64dad87b28195b2661c846e8","","0","0","0","0.000792887502220085","0","","","","Withdraw",""
"0x3443944c207f05d588fc32d6a7ac1079b1a64e21d80bdb836cc4e0ea7dad90bf","33105117","1659629320","2022-08-04 16:08:40","0x7fc83ed1b021dc57a9b7d0bd3873fbb3ee40ec52","0x6d6ec1443fee828a64dad87b28195b2661c846e8","","10","0","0","0.002365760006624128","0","","","","Deposit",""
"0x73065779b2e4e1a4077c24e0b2c3441ae1cb8cdb041877ca560e9ca109bd7cdf","33105124","1659629360","2022-08-04 16:09:20","0x7fc83ed1b021dc57a9b7d0bd3873fbb3ee40ec52","0x6d6ec1443fee828a64dad87b28195b2661c846e8","","0","0","0","0.000792827502219917","0","","","","Withdraw",""
"0x2d6d240ead57837a95e6a73826f1e99a0c33e7c61c41ed1068916ae498ab0943","33105200","1659629712","2022-08-04 16:15:12","0xe56ece51cf69b5f8396463b1f76511c2446bb43c","0x6d6ec1443fee828a64dad87b28195b2661c846e8","","10","0","0","0.002391830006697124","0","","","","Deposit",""
"0xd492069b1f7370ad3be46923f7b14e631a824f808d754c265caf9199177e71a4","33105212","1659629768","2022-08-04 16:16:08","0xe56ece51cf69b5f8396463b1f76511c2446bb43c","0x6d6ec1443fee828a64dad87b28195b2661c846e8","","0","0","0","0.000792797502219833","0","","","","Withdraw",""
"0xf4e0313842da40fd0a558311167e06de4e3a0ac061cdb9bad708993224ebd05d","33105217","1659629800","2022-08-04 16:16:40","0xe56ece51cf69b5f8396463b1f76511c2446bb43c","0x6d6ec1443fee828a64dad87b28195b2661c846e8","","10","0","0","0.002378780006660584","0","","","","Deposit",""
"0x6ce484ab1688b2a1fc9cde735a0268722861f56f3a9a0070e5b7a7877b0fbc96","33105226","1659629836","2022-08-04 16:17:16","0xe56ece51cf69b5f8396463b1f76511c2446bb43c","0x6d6ec1443fee828a64dad87b28195b2661c846e8","","0","0","0","0.000792827502219917","0","","","","Withdraw",""
"0x4a08a33aa44828a237f6aee3459e5b2d62a65e15b486c508e5cae42a3f166f1c","33105242","1659629904","2022-08-04 16:18:24","0xe8ca30c5ccedcc3559cba3d4a7bf59d10d4d618f","0x6d6ec1443fee828a64dad87b28195b2661c846e8","","10","0","0","0.002378810006660668","0","","","","Deposit",""
"0x93a717dc166abff5804ffe04960b69710a03bb32a603fb79ca2838a0b89dc9c2","33105251","1659629940","2022-08-04 16:19:00","0xe8ca30c5ccedcc3559cba3d4a7bf59d10d4d618f","0x6d6ec1443fee828a64dad87b28195b2661c846e8","","0","0","0","0.000792857502220001","0","","","","Withdraw",""
"0x4903a65ffa36df3a3a3888dc9c5861255b690880085ec56d348eb05a49112828","33105259","1659629972","2022-08-04 16:19:32","0xe8ca30c5ccedcc3559cba3d4a7bf59d10d4d618f","0x6d6ec1443fee828a64dad87b28195b2661c846e8","","10","0","0","0.002365790006624212","0","","","","Deposit",""
"0xee057e3d1aa0677566bd2909936bf17d2b399064f2477658ee6d766c90034500","33105267","1659630008","2022-08-04 16:20:08","0xe8ca30c5ccedcc3559cba3d4a7bf59d10d4d618f","0x6d6ec1443fee828a64dad87b28195b2661c846e8","","0","0","0","0.000792887502220085","0","","","","Withdraw",""
"0xf9e2941aa9cec900b3e3c33ecbe4b0ad6d0206d1be72fe764e968e7bbab5ef23","33105279","1659630068","2022-08-04 16:21:08","0x15b50528a267329414cef98ec32528612c533d98","0x6d6ec1443fee828a64dad87b28195b2661c846e8","","10","0","0","0.002378810006660668","0","","","","Deposit",""
"0x4dd00e899aeb584c0bac51abc0102524c61739a97da058c215cb6829065f347e","33105289","1659630112","2022-08-04 16:21:52","0x15b50528a267329414cef98ec32528612c533d98","0x6d6ec1443fee828a64dad87b28195b2661c846e8","","0","0","0","0.000792767502219749","0","","","","Withdraw",""
"0x2a4ee3948d136a0845008e86df4b185af3a5d6204a1b2659edc312aca064bc3d","33112373","1659665452","2022-08-05 02:10:52","0xa62db069b38d1925f263751f3562f511a96542fc","0x6d6ec1443fee828a64dad87b28195b2661c846e8","","10","0","0","0.002365760006624128","0","","","","Deposit",""
"0x2870c6b235b44ca2e023f1210fd2aed3171ff7e3ef164f5ed945f89ff7061187","33112380","1659665488","2022-08-05 02:11:28","0xa62db069b38d1925f263751f3562f511a96542fc","0x6d6ec1443fee828a64dad87b28195b2661c846e8","","0","0","0","0.000792887502220085","0","","","","Withdraw",""
"0x3d030820fac0c727afad0687ba24679c1cc8130dba03880ba6096bf9c95e00ad","33112387","1659665528","2022-08-05 02:12:08","0xa62db069b38d1925f263751f3562f511a96542fc","0x6d6ec1443fee828a64dad87b28195b2661c846e8","","10","0","0","0.002365790006624212","0","","","","Deposit",""
"0x59941f9cb1d07b066cf3992282210f873e942076dd0f3feff6d99384302d96f6","33112396","1659665568","2022-08-05 02:12:48","0xa62db069b38d1925f263751f3562f511a96542fc","0x6d6ec1443fee828a64dad87b28195b2661c846e8","","0","0","0","0.000792827502219917","0","","","","Withdraw",""
"0x609bae7f4c2e210f767d09c0b53eaf3b801759707f10cc7346cb9d064abf1cce","33112418","1659665672","2022-08-05 02:14:32","0xe348e794fbf8e7576e97ff5689f68ca79f749a5d","0x6d6ec1443fee828a64dad87b28195b2661c846e8","","10","0","0","0.002352770006587756","0","","","","Deposit",""
"0x59dbfcb4b7acbc3fa75862a577c5d40297f29054057981c1065278d2d0a0bb5c","33112426","1659665716","2022-08-05 02:15:16","0xe348e794fbf8e7576e97ff5689f68ca79f749a5d","0x6d6ec1443fee828a64dad87b28195b2661c846e8","","0","0","0","0.000792827502219917","0","","","","Withdraw",""
"0xbf996ed480d0f292a1382d73b9fa28c620e9447855ba4d2e2813b52118343082","33113084","1659668780","2022-08-05 03:06:20","0xc921e71c02b563127c5e14a3d1c454e329f4cefa","0x6d6ec1443fee828a64dad87b28195b2661c846e8","","10","0","0","0.002391830006697124","0","","","","Deposit",""
"0xe114871147ce576109ef93131e95eebd677f23bb0495f4e033ef27a4bf30ebad","33113089","1659668816","2022-08-05 03:06:56","0xc921e71c02b563127c5e14a3d1c454e329f4cefa","0x6d6ec1443fee828a64dad87b28195b2661c846e8","","0","0","0","0.000792827502219917","0","","","","Withdraw",""
"0xa5609d2592909fd612e02808442f38d09216ae50835db46b8207fbbba46a435f","33116568","1659684544","2022-08-05 07:29:04","0x67056b07a23a06ef19d7904241d963db7e9902ee","0x6d6ec1443fee828a64dad87b28195b2661c846e8","","10","0","0","0.002378810006660668","0","","","","Deposit",""
"0x42f1bb5e34122cccd9a4c772cf5c7acc2b331e2ff89ab4df0c7b7949fdd3f334","33116579","1659684600","2022-08-05 07:30:00","0x6f32aa5a6198329c16e438512f992a0548c856f9","0x6d6ec1443fee828a64dad87b28195b2661c846e8","","10","0","0","0.002378810006660668","0","","","","Deposit",""
"0x6022015155cab20caa32ff5e51c477502eaa66649b84693e2aa05def69ec65ab","33116588","1659684636","2022-08-05 07:30:36","0x67056b07a23a06ef19d7904241d963db7e9902ee","0x6d6ec1443fee828a64dad87b28195b2661c846e8","","0","0","0","0.000792887502220085","0","","","","Withdraw",""
"0x9afd2cbdf51127c21d12a85b40d654a8f7038416bfdb602e9a40be18f8ca97b4","33116900","1659685960","2022-08-05 07:52:40","0x506016d3fbee9d0eda4fc5f7e71da1a70fcb6d93","0x6d6ec1443fee828a64dad87b28195b2661c846e8","","10","0","0","0.002365790007570528","0","","","","Deposit",""
"0x9b069ecc4d462e02563ccfdf95cb02fa0d283d0bf29b833b3109e779bf11a313","33116924","1659686056","2022-08-05 07:54:16","0x506016d3fbee9d0eda4fc5f7e71da1a70fcb6d93","0x6d6ec1443fee828a64dad87b28195b2661c846e8","","0","0","0","0.000792827502537048","0","","","","Withdraw",""
"0x2d6bbd69b21e1f5c7445a106765c5af9b134aa7aca0585600735345da247c328","33116998","1659686380","2022-08-05 07:59:40","0xb1ec0be132c1dcfeb308d0d125556d5fba14aca6","0x6d6ec1443fee828a64dad87b28195b2661c846e8","","10","0","0","0.002378810006660668","0","","","","Deposit",""
"0xcbc725251bf283b22f94e9ab2e41ec38c478532f310154cabb12cdc00421887c","33117020","1659686472","2022-08-05 08:01:12","0xb1ec0be132c1dcfeb308d0d125556d5fba14aca6","0x6d6ec1443fee828a64dad87b28195b2661c846e8","","0","0","0","0.000792887502220085","0","","","","Withdraw",""
